id,label
1160478514_0.jpg,8
1012180834_0.jpg,8
1136311818_0.jpg,8
1459479656_0.jpg,8
1155330132_0.jpg,6
1093772515_0.jpg,3
1474123393_0.jpg,6
1171414336_0.jpg,8
1314725903_0.jpg,8
1498078132_0.jpg,8
1084404235_0.jpg,2
1286292442_0.jpg,8
1135968609_0.jpg,2
1153710974_0.jpg,8
1257584382_0.jpg,6
1303009137_0.jpg,8
1049583487_0.jpg,2
1432918807_0.jpg,6
1444112113_0.jpg,2
1290704470_0.jpg,8
1499059320_0.jpg,8
1359946009_0.jpg,2
1088073150_0.jpg,2
1415267721_0.jpg,8
1419173283_0.jpg,8
1117386025_0.jpg,3
1176623786_0.jpg,2
1152108308_0.jpg,3
1308886515_0.jpg,8
1244433326_0.jpg,8
1466786674_0.jpg,3
1127347304_0.jpg,6
1053079198_0.jpg,6
1020776099_0.jpg,2
1031448304_0.jpg,8
1102911864_0.jpg,3
1205854116_0.jpg,6
1381972892_0.jpg,3
1263974381_0.jpg,8
1683694774_0.jpg,6
1457226592_0.jpg,6
1397268162_0.jpg,6
1064751129_0.jpg,3
1298307750_0.jpg,6
1187934616_0.jpg,6
1059406543_0.jpg,3
10112167350_0.jpg,6
1227679819_0.jpg,6
1076748969_0.jpg,3
1596127358_0.jpg,3
1042105603_0.jpg,8
1394685722_0.jpg,8
1323027513_0.jpg,8
1441980334_0.jpg,8
1086724365_0.jpg,6
1023447121_0.jpg,5
1048921244_0.jpg,8
1144710768_0.jpg,6
1056832627_0.jpg,6
1170256173_0.jpg,3
1111148626_0.jpg,6
1485772923_0.jpg,7
1243929266_0.jpg,3
1159109075_0.jpg,6
1034099745_0.jpg,2
1255573263_0.jpg,8
1481226268_0.jpg,3
1318142518_0.jpg,8
1060991295_0.jpg,8
1011576093_0.jpg,8
1322933389_0.jpg,2
1481319933_0.jpg,3
1488196667_0.jpg,8
1434266908_0.jpg,2
1048219944_0.jpg,2
1104809567_0.jpg,8
1033230632_0.jpg,8
1495491268_0.jpg,3
1020367226_0.jpg,3
1136750305_0.jpg,6
1059181568_0.jpg,8
1036656822_0.jpg,8
1237856246_0.jpg,8
1030520122_0.jpg,3
1069576460_0.jpg,8
1010721004_0.jpg,2
1755659973_0.jpg,8
1227405694_0.jpg,6
1166266109_0.jpg,3
1272062899_0.jpg,2
1498891157_0.jpg,3
1233086223_0.jpg,8
1143844775_0.jpg,3
1443594694_0.jpg,8
1366175279_0.jpg,6
1187919988_0.jpg,3
1037351591_0.jpg,8
1359351428_0.jpg,8
1034456998_0.jpg,6
1093926976_0.jpg,8
1579925113_0.jpg,6
1020169138_0.jpg,7
1015366403_0.jpg,8
10103055982_0.jpg,2
1242726905_0.jpg,2
1264808008_0.jpg,8
1487570314_0.jpg,4
1457551563_0.jpg,8
1026785939_0.jpg,6
1349789855_0.jpg,8
1076998269_0.jpg,3
1647460415_0.jpg,8
1475417389_0.jpg,6
1038268350_0.jpg,8
1127692237_0.jpg,6
1027936443_0.jpg,6
1375101074_0.jpg,8
1389915544_0.jpg,8
1033765970_0.jpg,3
1300029983_0.jpg,2
1021024878_0.jpg,3
1031468706_0.jpg,6
1069319098_0.jpg,2
1442237535_0.jpg,3
1027198215_0.jpg,3
1316206300_0.jpg,6
1250922567_0.jpg,8
1150905323_0.jpg,6
1477435955_0.jpg,6
1638465523_0.jpg,6
1239595539_0.jpg,7
1030579852_0.jpg,3
1255330729_0.jpg,6
1490442326_0.jpg,6
1163590021_0.jpg,6
1225257972_0.jpg,6
1278071440_0.jpg,8
1100309784_0.jpg,8
1486975915_0.jpg,2
1288814843_0.jpg,3
1368211695_0.jpg,6
1273839260_0.jpg,3
1455825648_0.jpg,6
1303830758_0.jpg,8
1039602087_0.jpg,6
1033266571_0.jpg,3
1022807524_0.jpg,3
1057748220_0.jpg,2
1394399002_0.jpg,8
1249887037_0.jpg,2
1262715940_0.jpg,8
1065018945_0.jpg,8
1473622431_0.jpg,8
1425598873_0.jpg,8
1477508834_0.jpg,6
1041943987_0.jpg,8
1289127430_0.jpg,8
1338191823_0.jpg,6
1035476679_0.jpg,6
1267684944_0.jpg,7
1031611756_0.jpg,8
1351018075_0.jpg,8
1434976918_0.jpg,6
1142334020_0.jpg,6
1024492518_0.jpg,6
1121606387_0.jpg,8
1489795771_0.jpg,6
1383488577_0.jpg,2
1204066286_0.jpg,6
1475971387_0.jpg,6
1170181975_0.jpg,2
1032902565_0.jpg,6
1311246860_0.jpg,8
1042442093_0.jpg,3
1241565973_0.jpg,8
1279301476_0.jpg,8
1367534756_0.jpg,4
1219354367_0.jpg,6
1241161975_0.jpg,8
1054090447_0.jpg,8
1769902932_0.jpg,3
1383329778_0.jpg,6
1354583430_0.jpg,3
1146418515_0.jpg,6
1477649283_0.jpg,6
1212536854_0.jpg,6
1084220982_0.jpg,8
1406601065_0.jpg,8
1025958541_0.jpg,8
1317247145_0.jpg,8
1035993989_0.jpg,3
1348932371_0.jpg,8
1090624333_0.jpg,2
1490589985_0.jpg,8
1033564851_0.jpg,8
1454881127_0.jpg,8
1087843278_0.jpg,3
1282440572_0.jpg,3
1389344954_0.jpg,8
1032413663_0.jpg,8
1246974805_0.jpg,3
1091543609_0.jpg,3
1113566925_0.jpg,3
1468647353_0.jpg,6
1344747431_0.jpg,8
1293884806_0.jpg,8
1133211530_0.jpg,2
1306346752_0.jpg,2
1243410822_0.jpg,8
1018134349_0.jpg,6
1229959306_0.jpg,8
1475693992_0.jpg,2
1479539943_0.jpg,3
1473345526_0.jpg,7
1811120251_0.jpg,8
1465656554_0.jpg,6
1309638118_0.jpg,2
1311704547_0.jpg,8
1048802361_0.jpg,2
1472577543_0.jpg,3
1262103372_0.jpg,6
1222753471_0.jpg,8
1031283522_0.jpg,6
1333168533_0.jpg,3
1324553507_0.jpg,2
1431889287_0.jpg,6
1409573292_0.jpg,6
1481371131_0.jpg,6
1098061107_0.jpg,8
1033136754_0.jpg,8
1441579782_0.jpg,3
1227003622_0.jpg,6
1475937159_0.jpg,6
1020001004_0.jpg,8
1023035648_0.jpg,6
1342034335_0.jpg,2
1242619829_0.jpg,8
1283673922_0.jpg,8
1111527261_0.jpg,6
1207693859_0.jpg,6
1018323333_0.jpg,3
1411573376_0.jpg,8
1328491809_0.jpg,6
1076107680_0.jpg,8
1015345505_0.jpg,8
10074945003_0.jpg,8
1196759605_0.jpg,2
1042750643_0.jpg,2
1024991788_0.jpg,2
1042079931_0.jpg,6
1391108933_0.jpg,6
1088231898_0.jpg,6
1042454541_0.jpg,8
1215190852_0.jpg,8
1333479150_0.jpg,6
1095432007_0.jpg,6
1041452126_0.jpg,1
1476934046_0.jpg,3
1036673292_0.jpg,8
1391541227_0.jpg,6
1227109619_0.jpg,8
1091327430_0.jpg,1
1235244185_0.jpg,3
1154331617_0.jpg,8
1447476979_0.jpg,6
1220851441_0.jpg,2
1018280922_0.jpg,3
1044694465_0.jpg,3
1489832065_0.jpg,3
1398775328_0.jpg,2
1343386794_1.jpg,2
1480307188_0.jpg,2
1124930763_0.jpg,6
1766470511_0.jpg,8
1449916286_0.jpg,8
1029397303_0.jpg,3
1117613920_0.jpg,2
1036831499_0.jpg,3
1303985636_0.jpg,2
1293981312_0.jpg,3
1314686042_0.jpg,8
1035916164_0.jpg,8
1159833037_0.jpg,8
1237224400_0.jpg,8
1246971848_0.jpg,3
1122994893_0.jpg,6
1283052989_0.jpg,8
1047058312_0.jpg,8
1112663649_0.jpg,2
1398187359_0.jpg,6
1486920137_0.jpg,2
1320250541_0.jpg,8
1041563253_0.jpg,6
1021915957_0.jpg,3
1313629653_0.jpg,8
1033983150_0.jpg,8
1339597131_0.jpg,3
10079832210_0.jpg,6
1037967863_0.jpg,8
1474241986_0.jpg,3
1337936969_0.jpg,1
1019857777_0.jpg,3
1260716508_0.jpg,6
1219370614_0.jpg,3
10114406643_0.jpg,8
1154614978_0.jpg,6
1130383695_0.jpg,2
1351750385_0.jpg,8
1021752028_0.jpg,2
1266679974_0.jpg,6
1075969626_0.jpg,6
1036137092_0.jpg,8
1266279756_0.jpg,3
1250997368_0.jpg,6
1010817267_0.jpg,3
1102754564_0.jpg,2
1491638715_0.jpg,6
1224556035_0.jpg,2
1477483020_0.jpg,3
1429587500_0.jpg,3
1047507165_0.jpg,8
1036388389_0.jpg,6
1412200760_0.jpg,8
1337763374_0.jpg,8
1055892280_0.jpg,6
1482313251_0.jpg,8
1205757170_0.jpg,6
1034217030_0.jpg,8
1187309458_0.jpg,2
1255288260_0.jpg,6
1079653302_0.jpg,1
1076621823_0.jpg,6
1338099657_0.jpg,3
1491671800_0.jpg,6
1013123480_0.jpg,8
1480433901_0.jpg,6
1481274902_0.jpg,6
1275043908_0.jpg,8
1297564478_0.jpg,2
1113750586_0.jpg,6
1082599717_0.jpg,2
1162622543_0.jpg,8
1102262519_0.jpg,2
1472317845_0.jpg,6
1032631087_0.jpg,6
1159257600_0.jpg,3
1108535835_0.jpg,6
1315118670_0.jpg,7
1350518349_0.jpg,6
1018506794_0.jpg,8
1361353763_0.jpg,8
1298544609_0.jpg,3
1433258542_0.jpg,8
1255662946_0.jpg,6
1041368507_0.jpg,6
1445363953_0.jpg,2
1030575306_0.jpg,8
1016003820_0.jpg,3
1013000538_0.jpg,6
1022353865_0.jpg,6
1306629747_0.jpg,8
1029015513_0.jpg,3
1434738860_0.jpg,8
1149288685_0.jpg,3
1468285896_0.jpg,6
1204335827_0.jpg,8
1038442559_0.jpg,6
1303851087_0.jpg,8
1003508346_0.jpg,2
1124046191_0.jpg,8
1174732175_0.jpg,6
1462872323_0.jpg,8
1077389858_0.jpg,3
1212558079_0.jpg,6
1476393130_0.jpg,8
1481818935_0.jpg,2
1434506482_0.jpg,6
1059812909_0.jpg,8
1264058042_0.jpg,8
1251204048_0.jpg,8
1480894315_0.jpg,6
1036751449_0.jpg,8
1110144405_0.jpg,6
1030944755_0.jpg,3
1034771390_0.jpg,8
1033954280_0.jpg,8
1199611850_0.jpg,3
1237218400_0.jpg,2
1473871593_0.jpg,3
1184652981_0.jpg,6
1153492451_0.jpg,2
1051377464_0.jpg,8
1354978473_0.jpg,2
1271958309_0.jpg,3
1163665826_0.jpg,6
1207928413_0.jpg,8
1484148976_0.jpg,8
1006142728_0.jpg,3
1481227756_0.jpg,8
1199439778_0.jpg,2
1239157107_0.jpg,6
1025953047_0.jpg,3
1451627321_0.jpg,2
1132119409_0.jpg,2
1186359554_0.jpg,8
1373114837_0.jpg,8
1035276876_0.jpg,6
1155313052_0.jpg,6
1479203708_0.jpg,6
1459698252_0.jpg,6
1207226263_0.jpg,8
1371488521_0.jpg,8
1033618307_0.jpg,8
1310284704_0.jpg,8
1185826490_0.jpg,8
1195402966_0.jpg,7
1233017552_0.jpg,8
1017889174_0.jpg,2
1448639881_0.jpg,6
1015109222_0.jpg,3
1076264452_0.jpg,3
1472844669_0.jpg,6
1186577871_0.jpg,2
1034421680_0.jpg,4
1156936090_0.jpg,2
1036627767_0.jpg,6
1477973609_0.jpg,1
1445890492_0.jpg,6
1087340219_0.jpg,8
1273195109_0.jpg,8
1149739662_0.jpg,6
1188127830_0.jpg,8
1235523964_0.jpg,8
1476511879_0.jpg,3
1015790658_0.jpg,3
1118584718_0.jpg,6
1234196953_0.jpg,8
1472524099_0.jpg,4
1748633660_0.jpg,8
1026310332_0.jpg,8
1263573672_0.jpg,8
1213565857_0.jpg,6
1208917539_0.jpg,6
1139044653_0.jpg,6
1470548443_0.jpg,3
1373977630_0.jpg,8
1471756522_0.jpg,6
1207075799_0.jpg,2
1331564189_0.jpg,8
1008223892_0.jpg,8
1234187268_0.jpg,8
1286949026_0.jpg,3
1275308461_0.jpg,2
1064808212_0.jpg,8
1424316746_0.jpg,2
1198454691_0.jpg,2
1185490434_0.jpg,6
1019466931_0.jpg,3
1748883106_0.jpg,8
1242942424_0.jpg,2
1031403312_0.jpg,3
1444701967_0.jpg,8
1754173713_0.jpg,8
1052303401_0.jpg,8
1006195142_0.jpg,8
1219233326_0.jpg,6
1024857338_0.jpg,6
1283444228_0.jpg,8
1491341878_0.jpg,6
1492162849_0.jpg,2
1239105043_0.jpg,2
1218502394_0.jpg,6
1003547261_0.jpg,6
1031229124_0.jpg,6
1236292736_0.jpg,3
1217297534_0.jpg,8
1022391859_0.jpg,6
1162893350_0.jpg,6
1017117465_0.jpg,3
1352680707_0.jpg,6
1280009024_0.jpg,8
1368332278_0.jpg,8
1333095735_0.jpg,2
1443376149_0.jpg,2
1305267275_0.jpg,6
1050836907_0.jpg,8
1159130211_0.jpg,3
1480930152_0.jpg,3
1379748301_0.jpg,8
1173425509_0.jpg,2
1433117847_0.jpg,8
1134894777_0.jpg,2
1308792189_0.jpg,8
1457445782_0.jpg,8
1038023984_0.jpg,6
1434062399_0.jpg,8
1049537969_0.jpg,2
1171538731_0.jpg,6
1022473376_0.jpg,6
1467218464_0.jpg,6
1028875658_0.jpg,8
1086784005_0.jpg,6
1062162771_0.jpg,2
1084592951_0.jpg,6
1356480180_0.jpg,5
1315300908_0.jpg,6
1126559277_0.jpg,2
1339389018_0.jpg,8
1219372039_0.jpg,8
1371769652_0.jpg,3
1146046909_0.jpg,6
1490606837_0.jpg,3
1031653610_0.jpg,8
1478032216_0.jpg,6
1430351614_0.jpg,8
1469617996_0.jpg,3
1652775482_0.jpg,8
1141768153_0.jpg,8
1414965782_0.jpg,6
1162469546_0.jpg,8
1483711555_0.jpg,6
1035945929_0.jpg,6
1033049094_0.jpg,8
1252098440_0.jpg,2
1065809145_0.jpg,8
1327153223_0.jpg,3
1274973991_0.jpg,2
1030804510_0.jpg,2
1314197824_0.jpg,3
1059923844_0.jpg,8
1214291849_0.jpg,2
1731270087_0.jpg,6
1633640125_0.jpg,6
1291238843_0.jpg,8
1235099251_0.jpg,2
1434727336_0.jpg,8
1293872171_0.jpg,3
1228841887_0.jpg,8
1095639897_0.jpg,2
1494498619_0.jpg,6
1230341717_0.jpg,3
1064132587_0.jpg,8
1072889324_0.jpg,6
1185911876_0.jpg,8
1299969181_0.jpg,8
1019904452_0.jpg,6
1020705521_0.jpg,8
1317295679_0.jpg,8
1384590472_0.jpg,2
1077388890_0.jpg,8
1211498433_0.jpg,8
1121248007_0.jpg,8
1440891106_0.jpg,6
1051405038_0.jpg,8
1025272494_0.jpg,8
1407897557_0.jpg,8
1007873077_0.jpg,8
1345943221_0.jpg,6
1262399231_0.jpg,3
1219382292_0.jpg,8
1453704335_0.jpg,2
1232116322_0.jpg,2
1167519728_0.jpg,2
1287132756_0.jpg,3
1333685320_0.jpg,1
1378631119_0.jpg,2
1081048402_0.jpg,8
1416415557_0.jpg,8
1416077037_0.jpg,2
1020999819_0.jpg,8
1446604514_0.jpg,2
1364058707_0.jpg,8
1160721630_0.jpg,8
1254157736_0.jpg,6
1032149807_0.jpg,4
1007773520_0.jpg,8
1435485251_0.jpg,2
1452150238_0.jpg,3
1226647330_0.jpg,6
1037472119_0.jpg,8
1029165829_0.jpg,2
1400558007_0.jpg,3
1053107744_0.jpg,8
1429931569_0.jpg,2
1483703302_0.jpg,8
1231535727_0.jpg,8
1104899936_0.jpg,2
1673446881_0.jpg,8
1036070391_0.jpg,8
1450339278_0.jpg,2
1045975231_0.jpg,7
1402276204_0.jpg,2
1360734694_0.jpg,8
1062392409_0.jpg,8
1020779724_0.jpg,6
1206723718_0.jpg,3
1444464689_0.jpg,3
1014991838_0.jpg,8
1096479127_0.jpg,8
1797314056_0.jpg,2
1123672983_0.jpg,6
1036985543_0.jpg,8
1003230807_0.jpg,3
1232951239_0.jpg,7
1038702834_0.jpg,1
1301757375_0.jpg,4
1727281927_0.jpg,8
1309104496_0.jpg,8
1311752563_0.jpg,2
1354166754_0.jpg,8
1128061453_0.jpg,7
1203786311_0.jpg,3
1022988248_0.jpg,6
1314370492_0.jpg,8
1453594959_0.jpg,8
1252153001_0.jpg,6
1362523129_0.jpg,8
1227004033_0.jpg,8
1068170971_0.jpg,2
1034418180_0.jpg,3
1307442695_0.jpg,3
1333570715_0.jpg,8
1294786112_0.jpg,8
1207166593_0.jpg,6
1437301493_0.jpg,6
1461180495_0.jpg,8
1048904663_0.jpg,6
1256514819_0.jpg,3
1100288059_0.jpg,6
1026348533_0.jpg,2
1397854601_0.jpg,2
1294746230_0.jpg,6
1491089792_0.jpg,2
1271187213_0.jpg,8
1325964475_0.jpg,3
1117234740_0.jpg,6
1488603292_0.jpg,2
1488538088_0.jpg,2
1141879951_0.jpg,6
1115874967_0.jpg,2
1050949879_0.jpg,8
1063546066_0.jpg,8
1335083290_0.jpg,2
1212435681_0.jpg,6
1234065200_0.jpg,6
1240216707_0.jpg,6
1227109609_0.jpg,2
1018507053_0.jpg,8
1176636301_0.jpg,6
1245121296_0.jpg,2
1025497653_0.jpg,2
1056874886_0.jpg,3
1246678291_0.jpg,7
1304413532_0.jpg,8
1434605497_0.jpg,2
1079402930_0.jpg,2
1480309830_0.jpg,4
1160740743_0.jpg,6
1142208559_0.jpg,6
1289023566_0.jpg,8
1257892573_0.jpg,2
1263240616_0.jpg,3
1273441241_0.jpg,2
1481365747_0.jpg,6
1478145756_0.jpg,2
1154336070_0.jpg,2
1355687006_0.jpg,6
1208923480_0.jpg,6
1491658676_0.jpg,2
1790702584_0.jpg,8
1117433052_0.jpg,6
1472610256_0.jpg,3
1091255506_0.jpg,3
1396844528_0.jpg,8
1374683194_0.jpg,8
1016509118_0.jpg,3
1495650704_0.jpg,6
1146770547_0.jpg,6
1093644661_0.jpg,3
1326921509_0.jpg,8
1378315692_0.jpg,6
1475522811_0.jpg,6
1037357445_0.jpg,8
1374752388_0.jpg,3
1282515091_0.jpg,8
1025150076_0.jpg,6
1007777951_0.jpg,8
1025823678_0.jpg,8
1219410493_0.jpg,3
1028302359_0.jpg,4
1088702017_0.jpg,8
1237916124_0.jpg,1
1220264792_0.jpg,8
1107961022_0.jpg,8
1100427495_0.jpg,6
1210404653_0.jpg,8
1208537001_0.jpg,8
1237596315_0.jpg,6
1137872955_0.jpg,2
1273310950_0.jpg,8
10004777510_0.jpg,6
1416480098_0.jpg,2
1018874961_0.jpg,8
1489611432_0.jpg,3
1195834777_0.jpg,8
1127136914_0.jpg,8
1021112938_0.jpg,6
1376848386_0.jpg,2
1276813954_0.jpg,8
1334603823_0.jpg,8
1030568046_0.jpg,8
1073318854_0.jpg,3
1038598609_0.jpg,3
1408287879_0.jpg,8
1051002688_0.jpg,3
1485493006_0.jpg,2
1427743390_0.jpg,8
1482870259_0.jpg,3
1045175924_0.jpg,2
1400590691_0.jpg,2
1291692981_0.jpg,2
1630568177_0.jpg,3
1435547348_0.jpg,3
1136689304_0.jpg,6
1477004970_0.jpg,2
1084818584_0.jpg,6
1032865008_0.jpg,6
1120277918_0.jpg,6
1424703362_0.jpg,7
1059394939_0.jpg,8
1095338183_0.jpg,6
1478892519_0.jpg,6
1131269067_0.jpg,8
1214653280_0.jpg,2
1307362721_0.jpg,2
1222729677_0.jpg,3
1004370842_0.jpg,3
1421660949_0.jpg,3
1077635960_0.jpg,8
1222799431_0.jpg,8
1327545046_0.jpg,8
1184855575_0.jpg,2
1016193549_0.jpg,8
1033467304_0.jpg,8
1195625837_0.jpg,3
1029308050_0.jpg,5
1447845041_0.jpg,6
1352541933_0.jpg,2
1219364254_0.jpg,8
1035039005_0.jpg,8
1432666417_0.jpg,3
1034447308_0.jpg,6
1032887768_0.jpg,8
1447684646_0.jpg,8
1407105870_0.jpg,8
1207683928_0.jpg,3
1036705936_0.jpg,8
1310234271_0.jpg,2
1754175337_0.jpg,8
1313182481_0.jpg,3
1023577481_0.jpg,2
1451301233_0.jpg,8
1333387164_0.jpg,8
1233029187_0.jpg,8
1031126181_0.jpg,2
1329230950_0.jpg,2
1385508712_0.jpg,8
1490668248_0.jpg,6
1769923776_0.jpg,3
1037907093_0.jpg,6
1479135634_0.jpg,6
1481321171_0.jpg,3
1012684111_0.jpg,8
1238695187_0.jpg,8
1473683406_0.jpg,3
1410074641_0.jpg,6
1035561971_0.jpg,6
1018410749_0.jpg,8
1017608017_0.jpg,8
1066685914_0.jpg,2
1486812990_0.jpg,2
1280906762_0.jpg,8
1434725791_0.jpg,2
1049678185_0.jpg,6
1464297942_0.jpg,8
1157112651_0.jpg,3
1121574657_0.jpg,6
1078561141_0.jpg,3
1033252320_0.jpg,2
1189435094_0.jpg,6
1033182661_0.jpg,3
1035881660_0.jpg,8
1453712076_0.jpg,6
1262168127_0.jpg,4
1037114274_0.jpg,8
1446734354_0.jpg,3
1132438644_0.jpg,0
1358615149_0.jpg,8
1040947795_0.jpg,8
1031719109_0.jpg,8
1039019246_0.jpg,6
1232166323_0.jpg,8
1307927810_0.jpg,6
1189566868_0.jpg,6
1293850936_0.jpg,8
1034939512_0.jpg,8
1474841650_0.jpg,6
1454383333_0.jpg,8
1503068878_0.jpg,8
1368043280_0.jpg,8
1350061587_0.jpg,8
1601476781_0.jpg,8
1316619188_0.jpg,8
1213045133_0.jpg,2
1166266762_0.jpg,6
1425069951_0.jpg,8
1243962020_0.jpg,2
1091830320_0.jpg,2
1109367346_0.jpg,8
1276430072_0.jpg,3
1309104461_0.jpg,8
1250906837_0.jpg,2
1026697808_0.jpg,6
1049829810_0.jpg,4
1053199912_0.jpg,8
1320877317_0.jpg,6
1138231842_0.jpg,8
1337763339_0.jpg,6
1037855029_0.jpg,3
1340592765_0.jpg,8
1432675077_0.jpg,3
1108035128_0.jpg,6
1213565782_0.jpg,6
1386255794_0.jpg,2
1267576553_0.jpg,6
1110270381_0.jpg,6
1189907758_0.jpg,8
1206126070_0.jpg,8
1018867406_0.jpg,6
1294104674_0.jpg,8
1497528383_0.jpg,3
1233121647_0.jpg,8
1005556710_0.jpg,6
1252419266_0.jpg,6
1048582892_0.jpg,8
1470611025_0.jpg,6
1229790475_0.jpg,2
1208413135_0.jpg,8
1492595268_0.jpg,8
1453550502_0.jpg,8
1019380243_0.jpg,3
1062599570_0.jpg,8
1226550895_0.jpg,1
1320118350_0.jpg,8
1280728700_0.jpg,8
1484810609_0.jpg,2
1376461532_0.jpg,6
1033856290_0.jpg,2
1032127017_0.jpg,3
1230455441_0.jpg,6
1036197394_0.jpg,8
1147092870_0.jpg,3
1546228788_0.jpg,8
1003789002_0.jpg,6
1480987525_0.jpg,6
1446654951_0.jpg,8
1119008616_0.jpg,2
1459733823_0.jpg,6
1023828742_0.jpg,2
1031828233_0.jpg,3
1006997847_0.jpg,6
1172776123_0.jpg,6
1132059360_0.jpg,6
1033195207_0.jpg,2
1034515412_0.jpg,3
1472104095_0.jpg,3
1351783049_0.jpg,8
1034383230_0.jpg,3
1214719241_0.jpg,8
1071859493_0.jpg,8
1472438522_0.jpg,6
1038570604_0.jpg,8
1075290446_0.jpg,3
1245089343_0.jpg,8
1015247874_0.jpg,6
1485244092_0.jpg,8
1461619027_0.jpg,6
1186963580_0.jpg,3
1017279668_0.jpg,6
1080128320_0.jpg,8
1199001215_0.jpg,8
1155312068_0.jpg,2
1208137122_0.jpg,8
1045228153_0.jpg,3
1290648403_0.jpg,6
1019518968_0.jpg,3
1069230128_0.jpg,8
1347798937_0.jpg,8
1180850965_0.jpg,3
1060198721_0.jpg,8
1019856052_0.jpg,7
1016686952_0.jpg,3
10099598817_0.jpg,8
1484185529_0.jpg,4
1233149549_0.jpg,2
1333263137_0.jpg,1
1448826570_0.jpg,3
1044259588_0.jpg,8
1032747699_0.jpg,3
1210404688_0.jpg,2
1488566378_0.jpg,3
1289197018_0.jpg,2
1323096598_0.jpg,2
1033021136_0.jpg,2
1181106305_0.jpg,8
1480111155_0.jpg,8
1126811454_0.jpg,3
1197349407_0.jpg,8
1475599097_0.jpg,6
1106281611_0.jpg,8
1463015351_0.jpg,8
1431988001_0.jpg,6
1257298294_0.jpg,6
1228955091_0.jpg,3
1141619982_0.jpg,2
1249476012_0.jpg,6
1038212670_0.jpg,8
1385335540_0.jpg,8
1463930721_0.jpg,8
1162151635_0.jpg,2
1243653970_0.jpg,3
1309980487_0.jpg,8
1033078726_0.jpg,8
1072751441_0.jpg,8
1226280244_0.jpg,6
1031207968_0.jpg,3
1058961563_0.jpg,8
1111237441_0.jpg,2
1477933172_0.jpg,8
1049622193_0.jpg,3
1032795056_0.jpg,3
1007981042_0.jpg,3
1508446967_0.jpg,6
1033057845_0.jpg,6
1117510135_0.jpg,3
1031393644_0.jpg,3
1274332915_0.jpg,3
1196212681_0.jpg,8
1243005281_0.jpg,6
1238011795_0.jpg,8
1494849909_0.jpg,6
1194437300_0.jpg,8
1219365673_0.jpg,2
1266545509_0.jpg,3
10098122172_0.jpg,8
1463028471_0.jpg,6
1076500653_0.jpg,6
1050991945_0.jpg,2
1018201033_0.jpg,3
1442346103_0.jpg,8
1316286624_0.jpg,6
1473800138_0.jpg,6
1049583653_0.jpg,8
1286909441_0.jpg,3
1048247711_0.jpg,3
1033986564_0.jpg,8
1477343132_0.jpg,6
1252654923_0.jpg,8
1280731454_0.jpg,6
10022722931_0.jpg,2
1498374887_0.jpg,2
1166131786_0.jpg,3
1091370116_0.jpg,8
1304149572_0.jpg,5
1123600594_0.jpg,7
1015928441_0.jpg,6
1458875066_0.jpg,8
1275038490_0.jpg,8
1036723163_0.jpg,2
1078502204_0.jpg,6
1041441863_0.jpg,6
1035362272_0.jpg,8
1478291591_0.jpg,2
1036521632_0.jpg,3
1473994977_0.jpg,8
1440153536_0.jpg,3
1373164877_2.jpg,8
1434736484_0.jpg,8
1247184025_0.jpg,3
1046792340_0.jpg,8
1122616124_0.jpg,6
1114204099_0.jpg,6
1080239749_0.jpg,6
1244230280_0.jpg,2
1357414290_0.jpg,6
1475050988_0.jpg,3
1237126477_0.jpg,8
1065044852_0.jpg,8
1034768363_0.jpg,3
1034990929_0.jpg,8
1076845701_0.jpg,2
1217548482_0.jpg,3
1081691062_0.jpg,8
1214274838_0.jpg,3
1303804943_0.jpg,8
1241232591_0.jpg,6
1202386422_0.jpg,3
1375179807_0.jpg,8
1037469908_0.jpg,8
1126095964_0.jpg,6
1367950843_0.jpg,2
1311398298_0.jpg,8
1094659425_0.jpg,6
1082605267_0.jpg,3
1096148645_0.jpg,3
1474114002_0.jpg,3
1484646684_0.jpg,3
1236305939_0.jpg,6
1454459788_0.jpg,3
1049308117_0.jpg,8
1016477368_0.jpg,4
1685465232_0.jpg,6
1182014512_0.jpg,8
1006049934_0.jpg,2
1218927308_0.jpg,2
1313924729_0.jpg,8
1489216143_0.jpg,3
1325059498_0.jpg,8
1331164448_0.jpg,8
1097050250_0.jpg,6
1229932129_0.jpg,8
1036497142_0.jpg,3
1245317210_0.jpg,8
1113813185_0.jpg,6
1466938382_0.jpg,6
1237227556_0.jpg,5
1486833555_0.jpg,6
1234373238_0.jpg,4
1026239241_0.jpg,4
1478946297_0.jpg,6
1008333728_0.jpg,8
1246642714_0.jpg,8
1394757791_0.jpg,6
1189155534_0.jpg,6
1392702513_0.jpg,8
1040769266_0.jpg,8
1366194781_0.jpg,8
1145429516_0.jpg,2
1314739899_0.jpg,3
1007663215_0.jpg,8
1015129653_0.jpg,8
1330429625_0.jpg,8
1031884464_0.jpg,8
1460901622_0.jpg,6
1095639869_0.jpg,8
1303836351_0.jpg,2
1102417988_0.jpg,4
1256974422_0.jpg,8
1037722636_0.jpg,3
1435870833_0.jpg,8
1128306407_0.jpg,6
1497664353_0.jpg,6
1003894583_0.jpg,8
1454688317_0.jpg,8
1266781977_0.jpg,8
1113809711_0.jpg,6
1341391732_0.jpg,6
1021436658_0.jpg,6
1667119507_0.jpg,6
1117547971_0.jpg,6
1089822481_0.jpg,6
1011133355_0.jpg,8
1215718204_0.jpg,8
1482804527_0.jpg,2
1275077052_0.jpg,6
1076261002_0.jpg,3
1074196240_0.jpg,6
1411174244_0.jpg,8
1111709736_0.jpg,6
1241513009_0.jpg,6
1178432193_0.jpg,8
1232775405_0.jpg,3
1430848849_0.jpg,3
1072128723_0.jpg,3
1193701840_0.jpg,6
1026002387_0.jpg,8
1086573558_0.jpg,8
1098250573_0.jpg,6
1335518453_0.jpg,8
1264063436_0.jpg,3
1232396333_0.jpg,2
1341255525_0.jpg,8
1474305317_0.jpg,3
1186917962_0.jpg,6
1331244506_0.jpg,6
10003624529_0.jpg,8
1478683446_0.jpg,8
1407203048_0.jpg,8
1218421663_0.jpg,8
1034622228_0.jpg,6
1034689243_0.jpg,8
1130221143_0.jpg,6
1076500567_0.jpg,3
1191774494_0.jpg,8
1274135663_0.jpg,8
1074736022_0.jpg,3
10106604844_0.jpg,2
1034517969_0.jpg,6
1451910120_0.jpg,8
1049633996_0.jpg,3
1477385349_0.jpg,3
1489824202_0.jpg,2
1030421747_0.jpg,8
1035583595_0.jpg,3
1044843011_0.jpg,2
1496129366_0.jpg,8
1034694396_0.jpg,6
1089942445_0.jpg,8
1321579593_0.jpg,6
1457657061_0.jpg,8
1046881981_0.jpg,6
1089497202_0.jpg,6
1257019719_0.jpg,2
1004558632_0.jpg,2
1036701054_0.jpg,6
1031585755_0.jpg,8
1213045142_0.jpg,3
1076248035_0.jpg,3
1472475349_0.jpg,3
1069863427_0.jpg,3
1373411910_0.jpg,2
1136816430_0.jpg,4
1481796653_0.jpg,4
1041646885_0.jpg,8
1035208396_0.jpg,8
1716309718_0.jpg,1
1489224571_0.jpg,3
1202563386_0.jpg,6
1019703450_0.jpg,6
1423809295_0.jpg,3
1377060315_0.jpg,8
1182649186_0.jpg,8
1807503235_0.jpg,6
1030454677_0.jpg,3
1018094516_1.jpg,6
1456804867_0.jpg,3
1476244941_0.jpg,6
1038113843_0.jpg,3
1315053102_0.jpg,8
1494081129_0.jpg,6
1076110947_0.jpg,8
1797314098_0.jpg,3
1206802060_0.jpg,2
1033702333_0.jpg,3
1279950779_0.jpg,2
1021569950_0.jpg,6
1328341449_0.jpg,8
1030853772_0.jpg,3
10011465904_0.jpg,8
1427585415_0.jpg,8
1500105022_0.jpg,3
1030342971_0.jpg,8
1026302195_0.jpg,2
1012480125_0.jpg,2
1028568797_0.jpg,2
1308890395_0.jpg,8
10112352325_0.jpg,6
1338389895_0.jpg,8
1305782595_0.jpg,6
1297299510_0.jpg,2
1310032194_0.jpg,6
1307822288_0.jpg,1
1462019932_0.jpg,6
1079876124_0.jpg,2
1189907755_0.jpg,8
1489565198_0.jpg,6
1241459288_0.jpg,2
1120345100_0.jpg,3
1227868067_0.jpg,2
1033438286_0.jpg,2
1428330925_0.jpg,6
1188201270_0.jpg,3
1219369975_0.jpg,8
1448634867_0.jpg,3
1088382128_0.jpg,8
1041346215_0.jpg,2
1170189256_0.jpg,8
1306450558_0.jpg,2
1020068281_0.jpg,2
1463021579_0.jpg,8
1494586357_0.jpg,6
1120384689_0.jpg,2
1241296565_0.jpg,6
1279736645_0.jpg,2
1349735425_0.jpg,8
1413647327_0.jpg,8
1419775139_0.jpg,8
1104875557_0.jpg,8
1234597025_0.jpg,8
1034669544_0.jpg,8
1038625716_0.jpg,8
1080724017_0.jpg,6
1024951602_0.jpg,6
1207962167_0.jpg,3
1277008228_0.jpg,8
1047713713_0.jpg,3
1112980096_0.jpg,6
1036518379_0.jpg,8
1064254851_0.jpg,8
1098723868_0.jpg,8
1030743501_0.jpg,6
1032956067_0.jpg,2
1041731884_0.jpg,6
1432613949_0.jpg,8
1357019644_0.jpg,6
1312512440_0.jpg,8
1194079779_0.jpg,8
1466068515_0.jpg,2
1088445561_0.jpg,6
1242791450_0.jpg,3
1492814839_0.jpg,6
1057544228_0.jpg,8
1330818448_0.jpg,2
1345262533_0.jpg,8
1351602849_0.jpg,8
1222299497_0.jpg,8
1011891486_0.jpg,8
1289253724_0.jpg,6
1036320524_0.jpg,8
1460089889_0.jpg,8
1024782648_0.jpg,6
1029049150_0.jpg,2
1473896151_0.jpg,3
1248080298_0.jpg,6
1231661725_0.jpg,6
1211731645_0.jpg,3
1035077021_0.jpg,3
1025400435_0.jpg,3
1304180158_0.jpg,3
1193078270_0.jpg,3
1135702665_0.jpg,2
1118940372_0.jpg,2
1040730758_0.jpg,8
1432171059_0.jpg,2
1261486206_0.jpg,8
1219375473_0.jpg,2
1040947774_0.jpg,6
1075114565_0.jpg,3
1036936629_0.jpg,3
1334440641_0.jpg,8
1401160149_0.jpg,8
1372079596_0.jpg,6
1049354943_0.jpg,3
1032512374_0.jpg,8
1427307276_0.jpg,2
1036749798_0.jpg,6
1218619625_0.jpg,8
1456461409_0.jpg,7
1034166379_0.jpg,8
1281383786_0.jpg,2
1311500754_0.jpg,3
1040733705_0.jpg,8
1300619800_0.jpg,8
1409496238_0.jpg,2
1262194869_0.jpg,8
1034194475_0.jpg,3
1118602116_0.jpg,8
1327490936_0.jpg,8
1199924305_0.jpg,6
1069029408_0.jpg,8
1036427870_0.jpg,8
1086132679_0.jpg,6
1174732179_0.jpg,6
1076963513_0.jpg,2
1479541065_0.jpg,6
1239460165_0.jpg,6
1454883124_0.jpg,3
1024409485_0.jpg,3
1144560297_0.jpg,6
1013725815_0.jpg,4
1032065456_0.jpg,8
1320879687_0.jpg,6
1245618162_0.jpg,6
1298409878_0.jpg,8
1004558642_0.jpg,1
1259741543_0.jpg,3
1439249447_0.jpg,8
1241195621_0.jpg,3
1263566759_0.jpg,8
1477504660_0.jpg,6
1477369930_0.jpg,6
1033744581_0.jpg,3
1495232243_0.jpg,6
1035700078_0.jpg,8
1142909347_0.jpg,8
1041407815_0.jpg,8
1033728289_0.jpg,6
1413982062_0.jpg,8
1048839271_0.jpg,3
1010855394_0.jpg,8
1450904141_0.jpg,6
1082988071_0.jpg,3
1412542008_0.jpg,8
1077388931_0.jpg,6
1466185756_0.jpg,6
1231261363_0.jpg,6
1238113121_0.jpg,6
1212742003_0.jpg,8
1106394176_0.jpg,6
1049469844_0.jpg,8
1315312880_0.jpg,8
1123904103_0.jpg,3
1090011901_0.jpg,6
1431208031_0.jpg,8
1448654747_0.jpg,3
1166834078_0.jpg,6
1031547750_0.jpg,6
1161537717_0.jpg,8
1288067874_0.jpg,8
1685521603_0.jpg,6
1105716313_0.jpg,6
1137945258_0.jpg,8
1028423236_0.jpg,8
1074343719_0.jpg,3
1530178964_0.jpg,3
1210386898_0.jpg,3
1231322198_0.jpg,2
1245106483_0.jpg,8
1217174100_0.jpg,3
1023899369_0.jpg,3
1444864179_0.jpg,8
1428849676_0.jpg,2
1006187687_0.jpg,3
1031461889_0.jpg,6
1327557364_0.jpg,8
1086712932_0.jpg,6
1209746385_0.jpg,6
1219345358_0.jpg,2
1161935840_0.jpg,6
1483753247_0.jpg,6
1460945454_0.jpg,8
1488489269_0.jpg,6
1402670634_0.jpg,3
1030745894_0.jpg,2
1309494377_0.jpg,2
1003351718_0.jpg,0
1324145332_0.jpg,6
1389461157_0.jpg,8
1463830826_0.jpg,6
1393022341_0.jpg,6
1023758409_0.jpg,8
1346089278_0.jpg,6
1149129409_0.jpg,6
1448215046_0.jpg,6
1313994052_0.jpg,3
1172417301_0.jpg,8
1040507418_0.jpg,6
1475654275_0.jpg,6
1182704541_0.jpg,2
1211651238_0.jpg,2
1060512542_0.jpg,4
1037630305_0.jpg,8
1262511083_0.jpg,8
1069580611_0.jpg,8
1218136259_0.jpg,2
1491815874_0.jpg,6
1095793430_0.jpg,1
1024644935_0.jpg,8
1254296392_0.jpg,5
1054738483_0.jpg,7
1323045970_0.jpg,2
1195604021_0.jpg,8
1320844498_0.jpg,8
1487602668_0.jpg,6
1320832179_0.jpg,8
1300564503_0.jpg,2
1230642185_0.jpg,3
1257086050_0.jpg,6
1150409159_0.jpg,6
1244565454_0.jpg,6
1321322251_0.jpg,6
1234214479_0.jpg,1
1030656356_0.jpg,8
1486737884_0.jpg,3
1388600715_0.jpg,8
1077093207_0.jpg,6
1033250337_0.jpg,3
1002670245_0.jpg,3
1477835995_0.jpg,6
1157433062_0.jpg,3
1032748804_0.jpg,2
1263611877_0.jpg,2
1096915917_0.jpg,6
1462344923_0.jpg,4
1790828844_0.jpg,3
1091821590_0.jpg,6
1329826491_0.jpg,2
1033358954_0.jpg,8
1312987706_0.jpg,8
1032437105_0.jpg,6
1030129404_0.jpg,6
10007120260_0.jpg,6
1210403758_0.jpg,3
1033399155_0.jpg,8
1342404856_0.jpg,8
1351352926_0.jpg,8
1348880264_0.jpg,8
1022052881_0.jpg,6
1026111125_0.jpg,8
1225409324_0.jpg,3
1434349317_0.jpg,6
1329585691_0.jpg,2
1364052760_1.jpg,2
1032865108_0.jpg,6
1330079114_0.jpg,8
1099278414_0.jpg,6
1163314924_0.jpg,6
1490440257_0.jpg,6
1445905987_0.jpg,8
1499625875_0.jpg,6
1475129595_0.jpg,6
1307707387_0.jpg,2
1393601233_0.jpg,8
1424918627_0.jpg,8
10091721602_0.jpg,1
1492995593_0.jpg,8
1149727822_0.jpg,6
1477490786_0.jpg,7
1229945668_0.jpg,3
1246999995_0.jpg,6
1247280918_0.jpg,2
1079048125_0.jpg,6
1252600719_0.jpg,3
1076840246_0.jpg,6
1326927285_0.jpg,2
1297169080_0.jpg,2
1007574725_0.jpg,8
1282681669_0.jpg,8
1351742480_0.jpg,6
1159662781_0.jpg,2
1301805581_0.jpg,8
1216301000_0.jpg,3
1238699024_0.jpg,6
1425221200_0.jpg,2
1228810349_0.jpg,8
1174009548_0.jpg,3
1493451178_0.jpg,6
1198263528_0.jpg,6
1481320280_0.jpg,6
1221753389_0.jpg,8
10112267519_0.jpg,3
1012025044_0.jpg,3
1115474088_0.jpg,3
1314907266_0.jpg,2
1192627736_0.jpg,6
1717667575_0.jpg,8
1181759281_0.jpg,8
1437041396_0.jpg,8
1481840114_0.jpg,3
1012181401_0.jpg,2
1217814996_0.jpg,8
1022696157_0.jpg,2
1241296027_0.jpg,3
1421080778_0.jpg,6
1213101413_0.jpg,6
1464647010_0.jpg,8
1486417300_0.jpg,6
1444383291_0.jpg,8
1112683077_0.jpg,6
1493103622_0.jpg,8
1480316235_0.jpg,3
1124433047_0.jpg,3
1228663870_0.jpg,8
1481238478_0.jpg,6
1501312380_0.jpg,1
1722904141_0.jpg,6
1083117306_0.jpg,6
1473433119_0.jpg,8
1329580301_0.jpg,8
1489902232_0.jpg,8
1293910505_0.jpg,3
1223012826_0.jpg,2
1438675003_0.jpg,2
1094338349_0.jpg,8
1030656640_0.jpg,3
1143700285_0.jpg,8
1050312583_1.jpg,6
1093814082_0.jpg,8
1159522073_0.jpg,2
1482220882_0.jpg,3
1264621352_0.jpg,8
1083398105_0.jpg,1
1464550950_0.jpg,2
1263868401_0.jpg,8
1489541120_0.jpg,6
1471861620_0.jpg,3
1136745324_0.jpg,6
1086607823_0.jpg,8
1371612002_0.jpg,8
1241710000_0.jpg,7
1487563946_0.jpg,3
1034455005_0.jpg,8
1262862128_0.jpg,6
1005608166_0.jpg,6
1171252444_0.jpg,3
1475011551_0.jpg,4
1473413509_0.jpg,3
1489228422_0.jpg,6
1024590302_0.jpg,6
1213565881_0.jpg,6
1033173847_0.jpg,8
1033874448_0.jpg,8
1497563712_0.jpg,6
1192186222_0.jpg,3
1024277506_0.jpg,3
1478544626_0.jpg,6
1387974345_0.jpg,7
1707561726_0.jpg,3
1193899569_0.jpg,2
1232299277_0.jpg,6
1296733989_0.jpg,8
1034686580_0.jpg,8
1305563388_0.jpg,8
1129886674_0.jpg,6
1323611175_0.jpg,8
1477149190_0.jpg,8
1034985931_0.jpg,8
1449309014_0.jpg,6
1329826523_0.jpg,8
1133576597_0.jpg,6
1014074447_0.jpg,3
1477402476_0.jpg,3
1409410208_0.jpg,8
1489494898_0.jpg,8
1363104462_0.jpg,8
1219356492_0.jpg,6
1054582068_0.jpg,2
1246367092_0.jpg,4
1129198045_0.jpg,6
1033188888_0.jpg,8
1235414777_0.jpg,6
1080745108_0.jpg,6
1158151468_0.jpg,3
1204657362_0.jpg,2
1154608940_0.jpg,2
1288788833_0.jpg,8
1054680574_0.jpg,3
1224916031_0.jpg,6
1013697346_0.jpg,2
1474176244_0.jpg,6
1129370813_0.jpg,6
1394783312_0.jpg,8
1105763963_0.jpg,8
1035901528_0.jpg,2
1258635358_0.jpg,8
1035329101_0.jpg,6
1073989772_0.jpg,6
1351223944_0.jpg,6
1043477258_0.jpg,2
1091865612_0.jpg,8
1056682471_0.jpg,8
1070425257_0.jpg,2
1030969095_0.jpg,3
1181328534_0.jpg,2
1244475136_0.jpg,6
1005833323_0.jpg,6
1345905277_0.jpg,8
1069856417_0.jpg,3
1031293405_0.jpg,8
1198250840_0.jpg,6
1015873795_0.jpg,8
1483707831_0.jpg,8
1035383568_0.jpg,2
1360591603_0.jpg,6
1018200597_0.jpg,3
1242929229_0.jpg,8
1076450764_0.jpg,8
1309975287_0.jpg,2
1220790481_0.jpg,6
1111483380_0.jpg,2
1015608974_0.jpg,3
1321685196_0.jpg,2
1467301847_0.jpg,2
1273740013_0.jpg,8
1207616746_0.jpg,3
1230186169_0.jpg,6
1021741108_0.jpg,6
1213359190_0.jpg,3
1187166381_0.jpg,6
1354417081_0.jpg,4
1477323353_0.jpg,3
1011633137_0.jpg,8
1479157070_0.jpg,6
1276406268_0.jpg,3
1436674717_0.jpg,6
1045508010_0.jpg,8
1483616788_0.jpg,8
1115904256_0.jpg,6
1142614641_0.jpg,2
1288826317_0.jpg,6
1085028018_0.jpg,6
1059565936_0.jpg,2
1430531603_0.jpg,8
1328618935_0.jpg,3
1002915935_0.jpg,8
1029951389_0.jpg,6
1331348443_0.jpg,8
1300617745_0.jpg,2
10112142289_0.jpg,4
1024823900_0.jpg,6
1180276676_0.jpg,2
1311160305_0.jpg,2
1077060598_0.jpg,3
1076267185_0.jpg,8
1473541114_0.jpg,6
1320920262_0.jpg,8
1025702355_0.jpg,6
1213199342_0.jpg,8
1158258175_0.jpg,6
1417857897_0.jpg,1
1074122171_0.jpg,8
1161131668_0.jpg,6
1022507278_0.jpg,6
1436374559_0.jpg,6
1207928420_0.jpg,8
1309394629_0.jpg,8
1428970226_0.jpg,2
1320809307_0.jpg,6
1099187775_1.jpg,7
1499302941_0.jpg,2
1449047052_0.jpg,8
1032195664_0.jpg,3
1410993557_0.jpg,8
1235102331_0.jpg,8
1294933754_0.jpg,2
1495453582_0.jpg,2
1316531397_0.jpg,8
1357615923_0.jpg,6
1098277666_0.jpg,8
1269022865_0.jpg,2
1130607503_0.jpg,3
1468027610_0.jpg,2
1036568411_0.jpg,3
1393970032_0.jpg,8
1079126180_0.jpg,2
1363078316_0.jpg,8
1341731699_0.jpg,3
1050284631_0.jpg,8
1292448219_0.jpg,8
1032557077_0.jpg,2
1185017715_0.jpg,2
1315787599_0.jpg,3
1316963160_0.jpg,8
1037961206_0.jpg,8
1311396883_0.jpg,8
1472944147_0.jpg,2
1111160115_0.jpg,6
1219357628_0.jpg,6
1541542403_0.jpg,8
1086784230_0.jpg,3
1330080024_0.jpg,8
1038851685_0.jpg,8
1235370194_0.jpg,8
1130687745_0.jpg,2
1111285464_0.jpg,3
1079252747_0.jpg,3
1219356762_0.jpg,3
1138937966_0.jpg,6
1035388710_0.jpg,2
1411333117_0.jpg,2
1145371297_0.jpg,6
1031594559_0.jpg,3
1047457750_0.jpg,6
1490764466_0.jpg,3
1017700155_0.jpg,3
1035304562_0.jpg,2
1043355299_0.jpg,3
1042362428_0.jpg,6
1046167366_0.jpg,6
1031638746_0.jpg,3
1139386823_0.jpg,6
1318763007_0.jpg,3
1326902575_0.jpg,2
1471116875_0.jpg,3
1084219245_0.jpg,8
1219373425_0.jpg,3
1278087657_0.jpg,8
1362550579_0.jpg,6
1443416061_0.jpg,2
1033341670_0.jpg,3
1471745001_0.jpg,3
1096786901_0.jpg,2
1061522797_0.jpg,8
1187469789_0.jpg,6
1444561685_0.jpg,8
1245531991_0.jpg,8
1433611822_0.jpg,6
1242479462_0.jpg,1
1477721702_0.jpg,6
1473882153_0.jpg,2
1104925490_0.jpg,2
1056874818_0.jpg,3
1048631425_0.jpg,3
1307384486_0.jpg,8
1091671320_0.jpg,6
1692972579_0.jpg,3
1399989628_0.jpg,8
1214057518_0.jpg,3
1170398807_0.jpg,6
1025571116_0.jpg,6
1065011963_0.jpg,8
1237662021_0.jpg,8
1314686057_0.jpg,5
1104262533_0.jpg,6
1075997281_0.jpg,2
1124427859_0.jpg,8
1037555296_0.jpg,8
1264151347_0.jpg,8
1480419927_0.jpg,8
1241153219_0.jpg,8
1052331755_0.jpg,8
1187037213_0.jpg,3
1227432241_0.jpg,8
1455749111_0.jpg,6
1220657805_0.jpg,6
1193907824_0.jpg,8
1438773324_0.jpg,3
10093628142_0.jpg,6
1173658333_0.jpg,2
10073144734_0.jpg,8
1129463647_0.jpg,2
1481611087_0.jpg,1
1204066289_0.jpg,6
1035616387_0.jpg,3
1488295140_0.jpg,6
1118923114_0.jpg,2
1119196862_0.jpg,8
1219353727_0.jpg,2
1147924889_0.jpg,8
1018354339_0.jpg,8
1219415014_0.jpg,6
1033860337_0.jpg,2
1212535170_0.jpg,3
1149452804_0.jpg,8
1105310528_0.jpg,2
1144790993_0.jpg,6
1031638706_0.jpg,6
1147608796_0.jpg,2
1018261368_0.jpg,6
1358030803_0.jpg,2
1434324701_0.jpg,2
1023809841_0.jpg,6
1477014294_0.jpg,6
1279364151_0.jpg,6
1078121912_0.jpg,3
1387277874_0.jpg,3
1091574768_0.jpg,8
1307083973_0.jpg,6
1382318481_0.jpg,6
1195440470_0.jpg,8
1033806680_0.jpg,2
1483601242_0.jpg,8
1264178900_0.jpg,8
1462855848_0.jpg,8
1091777470_0.jpg,7
1030031690_0.jpg,2
1465705526_0.jpg,6
1085878819_0.jpg,8
1301808073_0.jpg,2
1494178189_0.jpg,6
1278182581_0.jpg,6
1127068460_0.jpg,2
1006884630_0.jpg,6
1472467396_0.jpg,7
1008041799_0.jpg,8
1344862537_0.jpg,2
1107157664_0.jpg,8
1167792054_0.jpg,8
1300428320_0.jpg,4
1021087791_0.jpg,2
1293802097_0.jpg,2
1048443578_0.jpg,2
1164345935_0.jpg,8
1074188377_0.jpg,6
1030774756_0.jpg,8
1028638117_0.jpg,8
1022861028_0.jpg,3
1471805415_0.jpg,6
1473268313_0.jpg,6
1247409455_0.jpg,8
1041442009_0.jpg,8
1380424822_0.jpg,8
1134791402_0.jpg,2
1180273354_0.jpg,2
1096229048_0.jpg,2
1242879230_0.jpg,3
1077647863_0.jpg,6
1186917956_0.jpg,6
1161531896_0.jpg,4
10106415833_0.jpg,6
1213316515_0.jpg,4
1060929027_0.jpg,8
1176749923_0.jpg,2
1273356166_0.jpg,8
1170166521_0.jpg,6
1041747210_0.jpg,8
1361825423_0.jpg,8
1000299429_0.jpg,6
1005496554_0.jpg,6
1495174451_0.jpg,8
1210403813_0.jpg,2
1157416550_0.jpg,8
1025655030_0.jpg,6
1481188134_0.jpg,6
1085343855_0.jpg,6
1240953560_0.jpg,6
1149543828_0.jpg,8
1095563527_0.jpg,2
1354077587_0.jpg,6
1338967260_0.jpg,8
1306744126_0.jpg,3
1434500865_0.jpg,2
1442198022_0.jpg,8
1178305301_0.jpg,6
1112266192_0.jpg,2
1375592734_0.jpg,6
1472802012_0.jpg,8
1252741430_0.jpg,8
1303787089_0.jpg,6
1008228533_0.jpg,6
1033197025_0.jpg,8
1241304163_0.jpg,6
1458782483_0.jpg,1
1097097735_0.jpg,6
1295142246_0.jpg,8
1400425643_0.jpg,8
1014730798_0.jpg,6
1364112500_0.jpg,6
1030663524_0.jpg,2
1328033254_0.jpg,2
1450499927_0.jpg,6
1288888229_0.jpg,8
1478898043_0.jpg,2
1033604765_0.jpg,8
1142352904_0.jpg,3
1467476341_0.jpg,8
1385870766_0.jpg,8
1470779203_0.jpg,6
1483001157_0.jpg,1
1478503753_0.jpg,3
1269108401_0.jpg,6
1310045885_0.jpg,6
1246682412_0.jpg,2
1019491796_0.jpg,6
1209660241_0.jpg,8
1022071913_0.jpg,8
1446684469_0.jpg,8
1011429159_0.jpg,4
1452206296_0.jpg,6
1035824434_0.jpg,8
1121409366_0.jpg,6
1448358594_0.jpg,3
1174753175_0.jpg,4
1174878938_0.jpg,2
1196901580_0.jpg,8
1048899704_0.jpg,8
1230241820_0.jpg,2
1030602303_0.jpg,2
1022012854_0.jpg,8
1484935144_0.jpg,8
1308755864_0.jpg,8
1113679954_0.jpg,6
1318177230_0.jpg,8
1459601301_0.jpg,8
1248523889_0.jpg,8
1305802472_0.jpg,2
1017281518_0.jpg,6
1302490920_0.jpg,2
1282706331_0.jpg,8
1037316743_0.jpg,3
1034424824_0.jpg,8
1717968166_0.jpg,8
1762158913_0.jpg,8
1127443472_0.jpg,8
1173347602_0.jpg,2
1075093773_0.jpg,2
1421717318_0.jpg,8
1448647933_0.jpg,8
1498542394_0.jpg,6
1434690947_0.jpg,6
1474634684_0.jpg,6
1488451492_0.jpg,4
1035165776_0.jpg,7
1777724584_0.jpg,2
1145286843_0.jpg,3
1035257986_0.jpg,8
1257033744_0.jpg,3
1200327493_0.jpg,2
1320215572_0.jpg,8
1217700138_0.jpg,3
1486665755_0.jpg,8
1118898699_0.jpg,6
1133114453_0.jpg,6
1411610366_0.jpg,8
1387411305_0.jpg,8
1309822686_0.jpg,8
1340586733_0.jpg,3
1217701014_0.jpg,6
1457733311_0.jpg,8
1033156636_0.jpg,3
1411573341_0.jpg,2
1076069786_0.jpg,2
1220658475_0.jpg,6
1105862891_0.jpg,8
1023344157_0.jpg,2
1030689677_0.jpg,2
1292256697_0.jpg,8
1126120341_0.jpg,2
1479348329_0.jpg,8
1105905329_0.jpg,6
1241472472_0.jpg,6
1481000839_0.jpg,6
1296536628_0.jpg,6
1037398597_0.jpg,3
1416583872_0.jpg,6
1127791411_0.jpg,8
1296763767_0.jpg,6
1085294296_0.jpg,2
1253662758_0.jpg,4
1304090839_0.jpg,2
1038043927_0.jpg,2
1458521326_0.jpg,6
1256411071_0.jpg,2
1336061366_0.jpg,8
1448639849_0.jpg,8
1123572570_0.jpg,6
1241539698_0.jpg,2
1162734973_0.jpg,2
1310275510_0.jpg,8
1080730678_0.jpg,6
1166174560_0.jpg,2
1035027135_0.jpg,8
1029952760_0.jpg,6
1076612344_0.jpg,3
1668159244_0.jpg,6
1053898096_0.jpg,6
1288218803_0.jpg,8
1239911977_0.jpg,6
1129257308_0.jpg,6
1381291432_0.jpg,8
1030545999_0.jpg,3
1316365339_0.jpg,8
1308995880_0.jpg,6
1218219604_0.jpg,8
1327092575_0.jpg,8
1099218810_0.jpg,6
1417849797_0.jpg,3
1267099810_0.jpg,8
1434731230_0.jpg,6
1145106252_0.jpg,6
1084872502_0.jpg,2
1336434850_0.jpg,8
1108885816_0.jpg,2
1128985108_0.jpg,6
1484896372_0.jpg,6
1469931309_0.jpg,6
1244691686_0.jpg,6
1103083329_0.jpg,8
1237999802_0.jpg,8
1035302042_0.jpg,8
1493174471_0.jpg,8
1478633162_0.jpg,6
1397686560_0.jpg,6
1028985564_0.jpg,2
1488507711_0.jpg,2
1351115081_0.jpg,3
1460152466_0.jpg,8
1316365662_0.jpg,2
1472304456_0.jpg,4
1245589462_0.jpg,6
1243738291_0.jpg,3
1034390420_0.jpg,3
1474478184_0.jpg,3
1179433708_0.jpg,3
1302919674_0.jpg,3
1286222404_0.jpg,8
1435445282_0.jpg,8
1096176001_0.jpg,6
1125002259_0.jpg,6
1450967321_0.jpg,6
1271749616_0.jpg,8
1482938404_0.jpg,8
1052597218_0.jpg,8
1258908957_0.jpg,3
1392997673_0.jpg,6
1124436176_0.jpg,8
1422239322_0.jpg,6
1145542638_0.jpg,8
1232237663_0.jpg,8
1157772454_0.jpg,6
1016609032_0.jpg,6
1091782075_0.jpg,8
1113878837_0.jpg,6
1034200810_0.jpg,3
1004175966_0.jpg,3
1025571128_0.jpg,6
1478544554_0.jpg,8
1433944693_0.jpg,8
1151109375_0.jpg,6
1032244688_0.jpg,3
1553121199_0.jpg,8
1391077572_0.jpg,8
1468838530_0.jpg,6
1219366212_0.jpg,6
1442310038_0.jpg,8
1127786233_0.jpg,8
1004973705_0.jpg,2
1011349154_0.jpg,3
1487438467_0.jpg,6
1034595731_0.jpg,8
1311522778_0.jpg,3
1073957524_0.jpg,2
1464518735_0.jpg,6
1303891376_0.jpg,8
1325015278_0.jpg,2
1231289927_0.jpg,6
1769895920_0.jpg,8
1478526925_0.jpg,3
1267576588_0.jpg,2
1164527130_0.jpg,6
1102652158_0.jpg,6
1032228098_0.jpg,6
1031961667_0.jpg,2
1300783093_0.jpg,8
1229935433_0.jpg,3
1033046425_0.jpg,8
1091606472_0.jpg,2
1434439444_0.jpg,6
1290804102_0.jpg,8
1294107595_0.jpg,7
1278616872_0.jpg,3
1289179099_0.jpg,8
1447050729_0.jpg,8
1212387946_0.jpg,8
1454886060_0.jpg,3
1150756734_0.jpg,6
1491430219_0.jpg,2
1132786897_0.jpg,8
1019075454_0.jpg,2
1356631265_0.jpg,8
1244173860_0.jpg,2
1166088919_0.jpg,2
1177056231_0.jpg,2
1022435676_0.jpg,6
1078284138_0.jpg,2
1034231818_0.jpg,6
1116547344_0.jpg,3
1034395241_0.jpg,8
1145910494_0.jpg,6
1432769556_0.jpg,8
1219375496_0.jpg,8
1234155137_0.jpg,2
1244080313_0.jpg,8
1159031333_0.jpg,2
1358209229_0.jpg,2
1430798747_0.jpg,8
1035140848_0.jpg,3
1102569162_0.jpg,6
1298017439_0.jpg,3
1075334187_0.jpg,6
1242322970_0.jpg,2
1480149224_0.jpg,3
1035302540_0.jpg,6
1207796621_0.jpg,8
1230282572_0.jpg,3
1034671955_0.jpg,6
1007615336_0.jpg,2
1307638734_0.jpg,8
1762158032_0.jpg,8
1034998249_0.jpg,8
1050024580_0.jpg,6
1206124408_0.jpg,2
1238168227_0.jpg,8
1473258393_0.jpg,3
1078645089_0.jpg,6
1057400373_0.jpg,8
1146585521_0.jpg,8
1463006380_0.jpg,6
1181169711_0.jpg,6
1148596983_0.jpg,8
1087517314_0.jpg,6
1131506463_0.jpg,7
1328533277_0.jpg,8
1141846721_0.jpg,6
1448638521_0.jpg,6
1237142927_0.jpg,6
1004697591_0.jpg,8
1143381923_0.jpg,2
1275269304_0.jpg,8
1064070995_0.jpg,8
1376340499_0.jpg,4
1010665385_0.jpg,8
1448635562_0.jpg,6
1212160430_0.jpg,6
1440920277_0.jpg,8
1290805932_0.jpg,8
1091095551_0.jpg,8
1031001545_0.jpg,8
1463031488_0.jpg,6
1037293347_0.jpg,6
1243730852_0.jpg,2
1354503047_0.jpg,8
1261076373_0.jpg,8
1193594204_0.jpg,3
1372682079_0.jpg,8
1064500718_0.jpg,8
1030370806_0.jpg,8
1479171060_0.jpg,6
1453460642_0.jpg,8
1226400176_0.jpg,6
1101444854_0.jpg,2
1383926724_0.jpg,8
1066107780_0.jpg,3
1004378280_0.jpg,3
1381709971_0.jpg,2
1011052281_0.jpg,8
1485960502_0.jpg,8
1295364493_0.jpg,8
1033347824_0.jpg,3
1226525727_0.jpg,8
1234755366_0.jpg,8
1238197421_0.jpg,8
1049027610_0.jpg,6
1204567497_0.jpg,3
1057878704_0.jpg,8
1024316131_0.jpg,6
1031594460_0.jpg,8
1033348145_0.jpg,6
1403035771_0.jpg,8
1224959055_0.jpg,6
1151978453_0.jpg,6
1219368711_0.jpg,2
1109367421_0.jpg,2
1251612710_0.jpg,8
1180131238_0.jpg,1
1113893712_0.jpg,6
1006943487_0.jpg,6
1378442218_0.jpg,8
1485600423_0.jpg,6
1149336883_0.jpg,4
1026023133_0.jpg,8
1449076259_0.jpg,8
1076503182_0.jpg,6
1489995106_0.jpg,3
1034951574_0.jpg,6
1102086801_0.jpg,8
1118039980_0.jpg,3
1255610919_0.jpg,3
1089981683_0.jpg,6
1102903807_0.jpg,3
1024433609_0.jpg,3
1293578541_0.jpg,3
1418109645_0.jpg,6
1339279532_0.jpg,2
1219354108_0.jpg,8
1484176314_0.jpg,6
1300566501_0.jpg,8
1282445122_0.jpg,2
1264622822_0.jpg,6
1410891019_0.jpg,6
1159165642_0.jpg,8
1059323128_0.jpg,2
1182573411_0.jpg,1
1084493688_0.jpg,3
1312470724_0.jpg,8
1259570311_0.jpg,8
1076263424_0.jpg,8
1311295755_0.jpg,8
1043424828_0.jpg,6
1042451490_0.jpg,3
1100927129_0.jpg,8
1229963007_0.jpg,2
1095524409_0.jpg,6
1041974150_0.jpg,6
1273473060_0.jpg,3
1454880633_0.jpg,6
1026443130_0.jpg,6
1045860143_0.jpg,8
1208536994_0.jpg,8
1037139442_0.jpg,8
1188603163_0.jpg,6
1436038157_0.jpg,6
1258608486_0.jpg,8
1219356777_0.jpg,8
1033115914_0.jpg,8
1268834062_0.jpg,8
1413520186_0.jpg,3
1254223361_0.jpg,8
1087252649_0.jpg,8
1304713552_0.jpg,8
1378658307_0.jpg,8
1169758037_0.jpg,1
1441484962_0.jpg,3
1268500348_0.jpg,8
1097014047_0.jpg,2
1306314626_0.jpg,8
1034398607_0.jpg,3
1020884539_0.jpg,2
10115366184_0.jpg,1
1391810566_0.jpg,8
1334272592_0.jpg,8
1031102945_0.jpg,6
1133197539_0.jpg,6
1018815672_0.jpg,6
1337889221_0.jpg,3
1475837806_0.jpg,8
1264943664_0.jpg,3
1433115698_0.jpg,8
1217698686_0.jpg,8
1466784586_0.jpg,6
1329186361_0.jpg,6
1275228145_0.jpg,8
1219408406_0.jpg,2
1091162159_0.jpg,6
1121378642_0.jpg,8
1096183121_0.jpg,6
1034463598_0.jpg,8
1755655422_0.jpg,8
1029124824_0.jpg,6
1204729048_0.jpg,6
1577606195_0.jpg,6
1025322230_0.jpg,2
1477655498_0.jpg,6
1423811151_0.jpg,8
1301556012_0.jpg,8
1065001514_0.jpg,2
1477803459_0.jpg,2
1219371852_0.jpg,7
1004207066_0.jpg,6
1232333963_0.jpg,6
1618781227_0.jpg,6
1173317017_0.jpg,6
1161367300_0.jpg,8
1074196473_0.jpg,3
1762158037_0.jpg,8
1291988875_0.jpg,6
1057223663_0.jpg,8
1496296707_0.jpg,6
1036437506_0.jpg,8
1016481100_0.jpg,3
1029913292_0.jpg,3
1062921470_0.jpg,6
1062292392_0.jpg,8
1051206049_0.jpg,3
1309394664_0.jpg,8
1481210782_0.jpg,3
1211347361_0.jpg,1
1032349400_0.jpg,8
1031814092_0.jpg,6
1035591844_0.jpg,6
1171204476_0.jpg,6
1050064979_0.jpg,3
1240969781_0.jpg,2
1252611021_0.jpg,6
1118805984_0.jpg,8
1246151456_0.jpg,8
1457924659_0.jpg,6
1115995443_0.jpg,2
1053285962_0.jpg,8
1273428921_0.jpg,8
1096183089_0.jpg,3
1481104884_0.jpg,8
1350184051_0.jpg,8
1088716999_0.jpg,8
1298353998_0.jpg,8
1457994865_0.jpg,2
1219375135_0.jpg,8
1097158650_0.jpg,8
1128977943_0.jpg,2
1213101798_0.jpg,1
1036529483_0.jpg,3
1484172124_0.jpg,6
1367109566_0.jpg,3
1084530855_0.jpg,6
1229308281_0.jpg,3
1362452981_0.jpg,8
1769893926_0.jpg,6
1213053737_0.jpg,8
1281485781_0.jpg,8
1046657710_0.jpg,8
1460902491_0.jpg,2
1224316391_0.jpg,2
1158373647_0.jpg,3
1091115323_0.jpg,6
1035672164_0.jpg,8
1063143486_0.jpg,8
1748883064_0.jpg,3
1104356529_2.jpg,2
1626664789_0.jpg,2
1032070579_0.jpg,8
1181168654_0.jpg,6
1170633373_0.jpg,8
1036678445_0.jpg,8
1446862272_0.jpg,8
1064685993_0.jpg,4
1402579184_0.jpg,8
1769898251_0.jpg,3
1323141162_0.jpg,8
1038035585_0.jpg,3
1033906504_0.jpg,3
1033865525_0.jpg,6
1158298489_0.jpg,2
1310165154_0.jpg,8
1469824706_0.jpg,2
1010860026_0.jpg,8
1314332228_0.jpg,8
1202232913_0.jpg,8
1217304373_0.jpg,6
1088701012_0.jpg,3
1221977949_0.jpg,8
1038538908_0.jpg,8
1443555776_0.jpg,7
1056039473_0.jpg,8
1170398109_0.jpg,6
1478182022_0.jpg,8
1208471718_0.jpg,3
1466021165_0.jpg,8
1014991007_0.jpg,3
1024278680_0.jpg,6
1220658440_0.jpg,2
1042775386_0.jpg,8
1478281649_0.jpg,2
1285432102_0.jpg,8
1338744582_0.jpg,6
1375007865_0.jpg,8
1371458254_0.jpg,7
1267007984_0.jpg,8
1035300129_0.jpg,8
1421602447_0.jpg,2
1125862831_0.jpg,6
1136249855_0.jpg,6
1050210497_0.jpg,8
1053865288_0.jpg,3
1479155646_0.jpg,3
1159771169_0.jpg,6
1266958520_0.jpg,4
1041409548_0.jpg,1
1288881459_0.jpg,3
1452618076_0.jpg,2
1094674864_0.jpg,8
1031884429_0.jpg,8
1305612031_0.jpg,8
1409224582_0.jpg,3
1306713647_0.jpg,7
1006258068_0.jpg,3
1011429159_2.jpg,8
1016535610_0.jpg,3
1146791315_0.jpg,6
1074070185_0.jpg,3
1036574111_0.jpg,8
1108023725_0.jpg,8
1337300756_0.jpg,8
1417141859_0.jpg,8
1271177908_0.jpg,8
1024184562_0.jpg,8
1395946534_0.jpg,6
1275556649_0.jpg,6
1693225299_0.jpg,6
1198033234_0.jpg,6
1050308373_0.jpg,8
1038211815_0.jpg,8
1036071852_0.jpg,3
1515292516_0.jpg,8
1101318621_0.jpg,3
1220678851_0.jpg,7
1287988422_0.jpg,2
1317874005_0.jpg,8
1310090864_0.jpg,3
1416221647_0.jpg,8
1079516647_0.jpg,6
1131068421_0.jpg,8
1231650513_0.jpg,6
1463040550_0.jpg,2
1466979075_0.jpg,8
1217614634_0.jpg,6
1251669052_0.jpg,8
1308831739_0.jpg,6
1043115821_0.jpg,8
1476338310_0.jpg,6
1037567599_0.jpg,2
1024674339_0.jpg,3
1247825493_0.jpg,8
1023733985_0.jpg,8
1297256893_0.jpg,6
1195978720_0.jpg,2
1484329197_0.jpg,2
1023431067_0.jpg,4
1424318112_0.jpg,6
1211587201_0.jpg,6
1026612561_0.jpg,8
1253873016_0.jpg,6
1226327722_0.jpg,3
1212251073_0.jpg,6
1313424621_0.jpg,6
1357500040_0.jpg,8
1473745122_0.jpg,6
1217642949_0.jpg,3
1297052537_0.jpg,8
1108537255_0.jpg,2
1138955339_0.jpg,8
1043091339_0.jpg,6
1050009371_0.jpg,8
1475928853_0.jpg,8
1052159108_0.jpg,8
1213522264_0.jpg,2
1453994723_0.jpg,6
1267759756_0.jpg,3
1406927483_0.jpg,6
1433114819_0.jpg,8
1440923141_0.jpg,2
1104362748_1.jpg,8
1027370087_0.jpg,6
1093679262_0.jpg,3
1276803980_0.jpg,6
1214145442_0.jpg,8
1278256458_0.jpg,8
1305562719_0.jpg,8
1392298848_0.jpg,8
1206022412_0.jpg,8
1223255523_0.jpg,4
1381907042_0.jpg,2
1479678685_0.jpg,6
1084480314_0.jpg,6
1136533661_0.jpg,7
1252412237_0.jpg,8
1454485109_0.jpg,8
1275059564_0.jpg,8
1287727553_0.jpg,8
1224163042_0.jpg,3
1031001600_0.jpg,6
1065004255_0.jpg,8
1043338785_0.jpg,6
1031656073_0.jpg,8
1122294892_0.jpg,8
1034326645_0.jpg,3
1379785999_0.jpg,8
1455681520_0.jpg,3
1481831902_0.jpg,3
1076500665_0.jpg,8
1306506136_0.jpg,8
1310178139_0.jpg,8
1356680701_0.jpg,3
1475787216_0.jpg,2
1111570902_0.jpg,8
1334908074_0.jpg,8
1481227732_0.jpg,6
1291126825_0.jpg,8
1174815417_0.jpg,6
1436391424_0.jpg,8
1702948790_0.jpg,6
1326907255_0.jpg,8
1273477349_0.jpg,8
1266719387_0.jpg,8
1057162076_0.jpg,6
1277942413_0.jpg,8
1311119849_0.jpg,2
1480464075_0.jpg,6
1236536788_0.jpg,3
1218989768_0.jpg,8
1036522020_0.jpg,3
1284076388_0.jpg,8
1366128008_0.jpg,3
1282526851_0.jpg,8
1051724665_0.jpg,6
1219372695_0.jpg,3
1304614570_0.jpg,8
1159848174_0.jpg,6
1054315120_0.jpg,8
1478376533_0.jpg,6
1476303436_0.jpg,7
1217343075_0.jpg,3
1167738585_0.jpg,8
1121303093_0.jpg,8
1072404057_0.jpg,8
1219369151_0.jpg,3
1225269366_0.jpg,5
1300566632_0.jpg,8
1484897984_0.jpg,8
1346280268_0.jpg,8
1033379007_0.jpg,8
1480444614_0.jpg,3
1003992000_0.jpg,1
1160540311_0.jpg,6
1019449229_0.jpg,8
1248093209_0.jpg,3
1032737181_0.jpg,8
1485281956_0.jpg,6
1480684017_0.jpg,6
1472571017_0.jpg,3
1311279600_0.jpg,8
1317788233_0.jpg,2
1475957091_0.jpg,3
1006778617_2.jpg,7
1268653971_0.jpg,3
1388150767_0.jpg,3
1217642310_0.jpg,3
1479251239_0.jpg,3
1252976845_0.jpg,8
1338549127_0.jpg,2
1035315960_0.jpg,8
1278002731_0.jpg,6
1247106874_0.jpg,3
1275063680_0.jpg,4
1130562775_0.jpg,6
1277178688_0.jpg,4
1253531201_0.jpg,8
1365934431_0.jpg,2
1049464634_0.jpg,8
1371769046_0.jpg,3
1032598852_0.jpg,8
1222029418_0.jpg,8
1084757617_0.jpg,3
1197403952_0.jpg,8
1204583413_0.jpg,3
1112987594_0.jpg,3
1076111065_0.jpg,2
1502391982_0.jpg,8
1033933777_0.jpg,3
1434729436_0.jpg,8
1019159738_0.jpg,6
1298052497_0.jpg,8
1289093410_0.jpg,2
1095652093_0.jpg,2
1179424582_0.jpg,3
1031547780_1.jpg,6
1186401356_0.jpg,6
1094600085_0.jpg,8
1144965699_0.jpg,2
1299621060_0.jpg,2
1488016636_0.jpg,8
1304131854_0.jpg,8
1058478305_0.jpg,4
1065045022_0.jpg,8
1492594674_0.jpg,2
1245237422_0.jpg,8
1267902509_0.jpg,8
1017498333_0.jpg,6
1495765378_0.jpg,2
1078120941_0.jpg,8
1062450189_0.jpg,8
1219354392_0.jpg,2
1383762556_0.jpg,2
1051971781_0.jpg,6
1300668166_0.jpg,8
1453702912_0.jpg,6
1476808878_0.jpg,6
1347233649_0.jpg,8
1478075902_0.jpg,8
1242791803_0.jpg,2
1032202014_0.jpg,8
1092459814_0.jpg,6
1036529588_0.jpg,3
1284435479_0.jpg,8
1145208151_0.jpg,2
1160764131_0.jpg,8
1315225212_0.jpg,8
1260839917_0.jpg,2
1221700178_0.jpg,6
1088303603_0.jpg,8
1025323629_0.jpg,8
1225615081_0.jpg,2
1033049153_0.jpg,5
1305485450_0.jpg,3
1306745936_0.jpg,2
1490447549_0.jpg,7
1026303138_0.jpg,8
1017544666_0.jpg,6
1166212228_0.jpg,2
1035132747_0.jpg,8
1095502819_0.jpg,8
1155312943_0.jpg,1
1319196078_0.jpg,2
1498900355_0.jpg,6
1034706552_0.jpg,8
1014861487_0.jpg,3
1212544235_0.jpg,8
1278357551_0.jpg,3
1475399235_0.jpg,3
1360138921_0.jpg,8
1279982317_0.jpg,3
1125549410_0.jpg,2
1753923866_0.jpg,6
1447710032_0.jpg,8
1167446403_0.jpg,8
1254514993_0.jpg,3
1485843772_0.jpg,8
1248021420_0.jpg,6
1030348280_0.jpg,6
1289254553_0.jpg,2
1020564694_0.jpg,0
1034034383_0.jpg,8
1464300155_0.jpg,8
1098986830_0.jpg,6
1141125662_0.jpg,1
1284231504_0.jpg,3
1181036979_0.jpg,2
1101164267_0.jpg,7
1210447108_0.jpg,7
1474393916_0.jpg,3
1007805910_0.jpg,8
1051863958_0.jpg,8
1496185306_0.jpg,8
1181773030_0.jpg,8
1266586615_0.jpg,7
1004750259_0.jpg,3
1098259881_0.jpg,8
1397296155_0.jpg,8
1227806751_0.jpg,2
1016016019_0.jpg,6
1311398533_0.jpg,8
1456879140_0.jpg,8
1419511906_0.jpg,8
1250719130_0.jpg,8
1065001438_0.jpg,2
1380191355_0.jpg,5
1282676256_0.jpg,8
1380841410_0.jpg,3
1309394699_0.jpg,8
1244005393_0.jpg,6
1140393947_0.jpg,8
1392594690_0.jpg,6
1096173100_0.jpg,8
1424387126_0.jpg,8
1295783154_0.jpg,8
1236806666_0.jpg,3
1083208128_0.jpg,8
1217598146_0.jpg,6
1032425206_0.jpg,8
1494585190_0.jpg,8
1480299279_0.jpg,6
1681324059_0.jpg,2
1002915927_1.jpg,8
1295333819_0.jpg,8
1214216126_0.jpg,8
1007694797_1.jpg,7
1098179158_0.jpg,8
1263240417_0.jpg,6
1065004207_0.jpg,2
1465366008_0.jpg,6
1115594094_0.jpg,6
1423635468_0.jpg,2
1231187807_0.jpg,2
1470097619_0.jpg,8
1026897246_0.jpg,2
1094320452_0.jpg,2
1448622864_0.jpg,8
1238131006_0.jpg,8
1602628791_0.jpg,6
1470787335_0.jpg,6
1464298160_0.jpg,8
1300047905_0.jpg,8
1022668907_0.jpg,6
1184384226_0.jpg,6
1095414403_0.jpg,3
1266854152_0.jpg,8
1033162702_0.jpg,8
1212746328_0.jpg,2
1059394785_0.jpg,8
1159893638_0.jpg,2
1315076440_0.jpg,8
1481448410_0.jpg,6
1040745265_0.jpg,8
1018246005_0.jpg,6
1267732309_0.jpg,6
1482800621_0.jpg,2
1495363626_0.jpg,2
1206939375_0.jpg,8
1014680346_0.jpg,8
1076073577_0.jpg,3
1356800550_0.jpg,8
1472745582_0.jpg,6
1481991032_0.jpg,6
1148559930_0.jpg,8
1196096022_0.jpg,8
1455439804_0.jpg,6
1234410629_0.jpg,2
1065029270_0.jpg,8
1769901779_0.jpg,6
1309663110_0.jpg,8
1289263148_0.jpg,2
1172585458_0.jpg,6
1276432945_0.jpg,3
1368200927_0.jpg,8
1434976889_0.jpg,8
1034592581_0.jpg,6
1478436002_0.jpg,3
1165115400_0.jpg,4
1165153525_0.jpg,2
1341889465_0.jpg,8
1074414130_0.jpg,6
1172051732_0.jpg,6
1206723042_0.jpg,6
1367896408_0.jpg,2
1434976858_0.jpg,6
1212746637_0.jpg,8
1491193132_0.jpg,6
1160404702_0.jpg,2
1219370822_0.jpg,8
1455048967_0.jpg,6
1382313800_0.jpg,6
1438859380_0.jpg,8
1212746652_0.jpg,8
1273837171_0.jpg,2
1048101573_0.jpg,8
1482031634_0.jpg,6
1440105670_0.jpg,8
1439728814_0.jpg,8
1096880064_0.jpg,6
1206013975_0.jpg,8
1411687149_0.jpg,6
1142264201_0.jpg,8
1464453707_0.jpg,8
1400865328_0.jpg,7
10029605215_0.jpg,8
1266833638_0.jpg,2
1232419162_0.jpg,8
1479484008_0.jpg,6
1432958197_0.jpg,6
1239675615_0.jpg,8
1453701464_0.jpg,6
1224305413_0.jpg,3
1022671377_0.jpg,3
1076807445_0.jpg,6
1456692210_0.jpg,8
1320878633_0.jpg,6
1030516213_0.jpg,8
1251282879_0.jpg,6
1398316350_0.jpg,2
1264889623_0.jpg,3
1219367496_0.jpg,2
1103533550_0.jpg,2
1041373961_0.jpg,3
1088401164_0.jpg,3
1372525080_0.jpg,8
1141824738_0.jpg,2
1033690833_0.jpg,8
1232222907_0.jpg,8
1033773795_0.jpg,8
1415665848_0.jpg,8
1457493227_0.jpg,8
1204156750_0.jpg,6
1446382491_0.jpg,2
